plane,level,IoU,meanNN,Hausdorff
XY,100,0.7971955336275601,4.95640904186899,14.000253101110147
XY,99,0.6367966326982015,5.244047610842063,23.136710323213936
XY,98,0.5935723401786062,5.780542462201127,22.64877694895526
XY,97,0.5621252098823983,5.120565291151715,17.84407042454927
XY,96,0.5355865301590557,5.399404441255209,19.101273514288575
XY,95,0.5142459161706325,5.264493761526621,20.274908409815655
XY,90,0.4472094361334224,5.071811795748266,25.016531699852575
XY,80,0.3603960396038955,6.4724843537225984,33.12470082774771
XY,60,0.23203802068766227,3.1200070952930394,15.583332057152777
XY,50,0.19577105359088742,6.132037545938433,23.35634700706211
XZ,100,0.7345333427821745,7.401685815627294,28.18798581588686
XZ,99,0.5723504817305424,5.319875885970987,20.08826472614876
XZ,98,0.5282461655710652,5.5207627557965,20.13451088462982
XZ,97,0.49561878507428414,5.590103943935647,26.692614509557917
XZ,96,0.4701772151898258,5.166309749933076,26.876258132596814
XZ,95,0.4484155844155378,5.7131382332393645,27.010992126602645
XZ,90,0.3702365691643899,8.753625543644485,37.30826819978513
XZ,80,0.25849083416224833,11.869273591090355,46.40124713484139
XZ,60,0.13545554335891646,24.22054189688312,51.66912145556462
XZ,50,0.09745641611886326,34.601039569414525,51.80043569962587
YZ,100,0.7603589707634607,6.46752705158687,21.41330426581249
YZ,99,0.6036970243462034,10.749447850055914,55.854578721412814
YZ,98,0.5612312340666074,10.7306385548647,55.92075650687049
YZ,97,0.5342613469267194,8.2933121682059,55.912278912360094
YZ,96,0.5133603238865877,9.411434469173152,55.92794042860832
YZ,95,0.49339298720211283,9.719098432679822,55.882699903378594
YZ,90,0.4320009460737426,5.663287252556051,26.862411313021706
YZ,80,0.3515196441808226,3.171946941966505,20.44916382692899
YZ,60,0.23236037692479145,3.9069053148623487,12.25256123094252
YZ,50,0.1780058651025871,6.178321802495768,23.558691255075185
