chromosome,time,condition,centroid_x,centroid_y,centroid_z,lambda1,lambda2,lambda3,elongation,flatness,orientation_x,orientation_y,orientation_z,volume,surface_area,bbox_aspect_ratio,file
chr18,24hrs,vacv,-107.97587060654568,26.208159927767568,40.83764486430331,4.678668011253742,0.9194226900752486,0.7109515365517688,6.5808536457295626,1.293228360592058,-0.5772846649972668,0.37629555898743483,0.72466824674835,73.3454867711878,95.0012886765121,1.3077245331259248,data/green_monkey/all_structure_files/chr18/24hrs/vacv/structure_24hrs_vacv_gene_info.csv
chr18,24hrs,untr,26.51510015458323,53.16010554531623,29.640073339637418,4.3765773861567885,0.9759683072030098,0.8115888430284619,5.392604178521593,1.2025403202453624,-0.05805724287919497,0.9980619984529999,-0.022396512971231113,76.98719757367553,97.43218791067233,1.866582608615469,data/green_monkey/all_structure_files/chr18/24hrs/untr/structure_24hrs_untr_gene_info.csv
chr18,12hrs,vacv,38.99759800800422,-21.208146745351947,-24.58674981939466,5.59558457894291,1.2905035167616472,0.8498061577425206,6.584542284098505,1.5185857445300506,0.9103860653900331,0.21544117210923003,-0.3532454009663191,94.69096069037197,111.18455154506759,1.5705460366478878,data/green_monkey/all_structure_files/chr18/12hrs/vacv/structure_12hrs_vacv_gene_info.csv
chr18,12hrs,untr,-75.74063373950858,30.49625556401073,-11.977130128580708,5.368984080059349,0.9719150762035075,0.7392578305393666,7.2626678518130925,1.314717323311128,-0.37277754270804275,0.7230241940147061,-0.5816123438527918,84.06833598491964,104.59684535000666,1.2451675460054736,data/green_monkey/all_structure_files/chr18/12hrs/untr/structure_12hrs_untr_gene_info.csv
chr18,18hrs,vacv,-36.1778371711502,12.428747945429366,2.5143308847401635,7.779619459332955,1.1752664926338547,0.802823232280505,9.690326769984118,1.4639168940034095,-0.6933500635646124,0.14930070060876977,0.7049645311309488,104.66362842664658,124.42170148159674,1.4921248053266665,data/green_monkey/all_structure_files/chr18/18hrs/vacv/structure_18hrs_vacv_gene_info.csv
chr18,18hrs,untr,31.321036079565435,-54.91758876082542,31.69431490452627,7.048502940119894,1.0300854489566198,0.881877126549637,7.9926134014806705,1.1680600595537056,0.4229049594298481,-0.33851051707735813,0.8405724389472086,106.92741282062583,124.4004465730284,1.4032098035438263,data/green_monkey/all_structure_files/chr18/18hrs/untr/structure_18hrs_untr_gene_info.csv
