chromosome,time,condition,centroid_x,centroid_y,centroid_z,lambda1,lambda2,lambda3,elongation,flatness,orientation_x,orientation_y,orientation_z,volume,surface_area,bbox_aspect_ratio,file
chr2,24hrs,vacv,-29.63762311972607,-34.85428605113307,-92.1532114234434,3.5694623334831794,1.5425326624995674,0.8897289971309316,4.0118534351397575,1.7337106776037445,0.6461723570025705,-0.5799874166818778,0.4960603607792343,112.60353999768341,125.06716736575422,1.0605636589514664,data/green_monkey/all_structure_files/chr2/24hrs/vacv/structure_24hrs_vacv_gene_info.csv
chr2,24hrs,untr,55.24303781651107,-55.918362478258025,-19.434539581872457,3.2475119174910327,1.6738353233246561,0.8697750638759498,3.733737666632167,1.9244462078110163,0.70470298389403,-0.15658693458969863,-0.692007396208055,118.83456214768051,128.64894090526371,1.0928270441645906,data/green_monkey/all_structure_files/chr2/24hrs/untr/structure_24hrs_untr_gene_info.csv
chr2,12hrs,vacv,26.77958793454835,-24.314276173962806,-12.532071803412544,4.001004581007238,1.7921347501768452,1.1476518004140737,3.4862530425723834,1.5615666263323436,-0.12211504144105981,0.9555506392645361,-0.2683484534238736,150.72168802971686,152.14461703730407,1.279809754745726,data/green_monkey/all_structure_files/chr2/12hrs/vacv/structure_12hrs_vacv_gene_info.csv
chr2,12hrs,untr,12.083840018922283,27.53112981735875,48.102247288584515,3.3203829839737176,1.6211337149018454,1.0955019482954547,3.0309238510621226,1.479809065994129,-0.1831912498449086,0.019523653463290214,0.9828834076001617,128.84483814480623,134.12805365465576,1.4192899895131839,data/green_monkey/all_structure_files/chr2/12hrs/untr/structure_12hrs_untr_gene_info.csv
chr2,18hrs,vacv,-13.235475596011609,50.66610836095446,24.335371688273064,4.008829209437571,1.9699452890693827,1.3541381111090907,2.96042861252475,1.4547595056282128,-0.41650152570941323,0.8673208839150541,-0.2725453419277969,167.5010908583908,156.76738504668637,1.1132081639407339,data/green_monkey/all_structure_files/chr2/18hrs/vacv/structure_18hrs_vacv_gene_info.csv
chr2,18hrs,untr,22.377341709141163,-12.795650006586083,51.19408511579775,4.308393617692372,2.0008116022741325,0.9281322898433667,4.642003801440271,2.155739676519382,0.9800605955913636,-0.18972550973119076,-0.059037783887451054,160.80548835197823,157.98710701087128,1.5644115286719378,data/green_monkey/all_structure_files/chr2/18hrs/untr/structure_18hrs_untr_gene_info.csv
