chromosome,time,condition,centroid_x,centroid_y,centroid_z,lambda1,lambda2,lambda3,elongation,flatness,orientation_x,orientation_y,orientation_z,volume,surface_area,bbox_aspect_ratio,file
chr27,24hrs,vacv,9.190050917003273,39.624275222955646,-44.758189241311534,2.740921324403279,0.8803216813770551,0.7650499558961322,3.5826697371581875,1.1506721549260148,0.7344981239092181,-0.1358101638287884,-0.6648820236512916,52.65807031772191,75.40556910732552,1.2223617502183577,data/green_monkey/all_structure_files/chr27/24hrs/vacv/structure_24hrs_vacv_gene_info.csv
chr27,24hrs,untr,-31.841632530630417,-52.05292210974296,21.921539005799954,2.4469597159590983,1.0956322750074543,0.6424342276176527,3.808887526172432,1.7054388261198379,0.624204932387016,0.2917878159164543,0.7247262054503247,55.529224413450265,76.32665859808337,1.1992403774102274,data/green_monkey/all_structure_files/chr27/24hrs/untr/structure_24hrs_untr_gene_info.csv
chr27,12hrs,vacv,-36.45388988841154,30.633487566534452,-19.712058646187238,3.2782488864432264,1.3473591447437139,0.8289367780915405,3.9547634669929015,1.625406400528803,0.14142774555293028,0.5032920125012533,0.8524642766358331,72.48752323267627,92.77162343852561,1.3522691079893558,data/green_monkey/all_structure_files/chr27/12hrs/vacv/structure_12hrs_vacv_gene_info.csv
chr27,12hrs,untr,-9.87297105978795,17.633110429195895,46.25529703413017,2.814000562432734,1.0477978960813192,0.7657129728741932,3.67500703543007,1.368395120887514,-0.1642781966633808,-0.015624017332160345,0.9862903042124219,58.59306032181863,79.58858608907315,1.3801027735209457,data/green_monkey/all_structure_files/chr27/12hrs/untr/structure_12hrs_untr_gene_info.csv
chr27,18hrs,vacv,48.415534909120005,21.96342784783085,-28.42332366404561,3.6645551406259473,1.1711281570704244,0.8613924659150982,4.254222419664323,1.3595755749108849,0.979196366873034,-0.16818020638421205,0.11353366585825658,75.15195440896161,95.8492957484203,1.531771961864029,data/green_monkey/all_structure_files/chr27/18hrs/vacv/structure_18hrs_vacv_gene_info.csv
chr27,18hrs,untr,13.249263612420053,-3.016860770395835,-27.437751099578115,2.998397662100585,1.3045190862745721,0.8033536322036817,3.73235091235683,1.6238416482864986,0.17296061002956326,-0.24830746274949367,0.9531149098199598,66.93029155434233,86.91628510465695,1.5614209503661776,data/green_monkey/all_structure_files/chr27/18hrs/untr/structure_18hrs_untr_gene_info.csv
