chromosome,time,condition,centroid_x,centroid_y,centroid_z,lambda1,lambda2,lambda3,elongation,flatness,orientation_x,orientation_y,orientation_z,volume,surface_area,bbox_aspect_ratio,file
chr29,24hrs,vacv,6.964061448815537,19.729537305868686,-20.53154240680289,0.8464013486819487,0.7411026989812288,0.5852410996458879,1.4462438629038206,1.2663203241017218,0.8705886285479305,0.41481654380731753,0.2645801860056514,22.40134214382156,40.423880721856186,1.1828360695729714,data/green_monkey/all_structure_files/chr29/24hrs/vacv/structure_24hrs_vacv_gene_info.csv
chr29,24hrs,untr,6.225576557417369,21.170489968872474,18.05220791137207,1.0421081879634349,0.6774566720564343,0.5015436285169375,2.0778016681119937,1.3507432525056116,-0.43801951533710115,0.8150563083105832,-0.3792388672947098,22.959048242524954,42.53045070889694,1.336450433189355,data/green_monkey/all_structure_files/chr29/24hrs/untr/structure_24hrs_untr_gene_info.csv
chr29,12hrs,vacv,-22.819321808919483,6.676254845757095,-6.928512069455533,1.0141327911151268,0.8218073893814536,0.6313824911579099,1.6062098732818524,1.3015999032128975,0.8218581483962565,0.5244266913478471,0.22254399411493173,26.25664764570306,45.41697051401104,1.1882871415400758,data/green_monkey/all_structure_files/chr29/12hrs/vacv/structure_12hrs_vacv_gene_info.csv
chr29,12hrs,untr,-6.734793906768617,-35.67732486653533,-1.3902482993787513,1.0173935313351934,0.8025742845735334,0.5079234146091146,2.0030451482890475,1.5801088539916492,0.7606240772975507,-0.5418665400942667,-0.3575355447525712,24.844063859667042,43.702938024296216,1.2411453956682532,data/green_monkey/all_structure_files/chr29/12hrs/untr/structure_12hrs_untr_gene_info.csv
chr29,18hrs,vacv,10.646700600145033,-16.490554203441377,23.281593395928272,1.1170105096906546,0.8187332454539792,0.6744865706815106,1.656090066496078,1.2138614481630372,-0.047777784459228256,0.9918746581314197,-0.11790651325880003,28.604345109238537,47.59397102960076,1.1263324155641778,data/green_monkey/all_structure_files/chr29/18hrs/vacv/structure_18hrs_vacv_gene_info.csv
chr29,18hrs,untr,43.931297528334056,2.6445215531476705,9.96321072011198,1.0814617234838257,0.7481659970828383,0.6129746664177328,1.7642845336561206,1.2205496214960614,-0.28234183693505477,-0.4142144771242665,0.8652799859333444,28.285390755501922,47.418396233922294,1.2098254427251143,data/green_monkey/all_structure_files/chr29/18hrs/untr/structure_18hrs_untr_gene_info.csv
