plane,projected_axis,IoU,meanNN,Hausdorff
XY,z,0.540640536478143,7.590444974718185,24.186773244895647
XZ,y,0.46510246510241904,7.617124765771747,28.635642126552707
YZ,x,0.5867817219061986,5.414128006188505,23.08679276123039
