view,axis,IoU,meanNN,Hausdorff
+PC1,x,0.5867817219061986,5.414128006188505,23.08679276123039
+PC2,y,0.46510246510241904,7.617124765771747,28.635642126552707
+PC3,z,0.540640536478143,7.590444974718185,24.186773244895647
