chromosome,time,condition,centroid_x,centroid_y,centroid_z,lambda1,lambda2,lambda3,elongation,flatness,orientation_x,orientation_y,orientation_z,volume,surface_area,bbox_aspect_ratio,file
chr25,24hrs,vacv,40.02178093423195,-7.647349526546185,52.18874619250773,4.564677281199227,1.0075430291250216,0.9240293472853203,4.939970028668098,1.0903799019858555,-0.37611202165082547,0.8289450483937751,0.41399257712327475,91.78197665896553,109.15403337430972,1.3597381032127394,data/green_monkey/all_structure_files/chr25/24hrs/vacv/structure_24hrs_vacv_gene_info.csv
chr25,24hrs,untr,-7.682751314530378,11.846161365042525,-53.875117693472006,4.146436567531753,1.0674062649462663,0.9780948455037828,4.239299068584772,1.0913116144646302,0.8203093441956659,-0.5679191280599615,-0.06753105810580544,96.23064520747627,111.03769730859703,1.5011003603016821,data/green_monkey/all_structure_files/chr25/24hrs/untr/structure_24hrs_untr_gene_info.csv
chr25,12hrs,vacv,61.8203428283053,-23.917189355339616,45.820901432845965,5.458955178117529,1.24559241839678,1.1064606893397597,4.933709105720658,1.1257448460641128,-0.5384274041128679,-0.16016525479179966,0.8273107165133039,122.50311754124995,131.8699056495655,1.3174054109078641,data/green_monkey/all_structure_files/chr25/12hrs/vacv/structure_12hrs_vacv_gene_info.csv
chr25,12hrs,untr,15.909933641946578,20.71577842477083,7.829640830755895,4.668423209427864,1.2534765998427777,0.8951217256344018,5.215405989748714,1.4003420584551203,0.019936973876664394,0.7302900390285445,0.6828462315692521,101.46860380130481,116.54818138774203,1.528906139650597,data/green_monkey/all_structure_files/chr25/12hrs/untr/structure_12hrs_untr_gene_info.csv
chr25,18hrs,vacv,49.425733456886086,33.523768845037736,-41.8815977402489,5.9422222238353495,1.5246949019640201,1.1327237638815026,5.245958823599803,1.3460430076432321,-0.04490864901343308,-0.41525835434548286,0.9085943607518535,141.28993135694327,145.5524926735771,1.5267882586475658,data/green_monkey/all_structure_files/chr25/18hrs/vacv/structure_18hrs_vacv_gene_info.csv
chr25,18hrs,untr,46.92608207233996,-24.899931731148428,-21.137950416656732,4.908257893789616,1.4471088522916196,1.1284910745462333,4.349398949179309,1.2823396524190522,0.14575689429228078,-0.24824509137827577,0.9576686808979713,130.88584975524424,135.97109511748752,1.4387338738464392,data/green_monkey/all_structure_files/chr25/18hrs/untr/structure_18hrs_untr_gene_info.csv
