{
  "origin_xyz": [
    -50.366615295410156,
    11.269525527954102,
    -74.0804214477539
  ],
  "voxel_xyz": [
    0.0705718994140625,
    0.07065963745117188,
    0.07073974609375
  ],
  "shape_zyx": [
    160,
    131,
    133
  ],
  "n_boot": 128,
  "sample_frac": 0.9,
  "grid_base": 160,
  "sigma_vox": 3.0,
  "metaball_level": 0.1,
  "prob_levels": [
    0.6,
    0.8,
    0.95
  ]
}