chromosome,time,condition,centroid_x,centroid_y,centroid_z,lambda1,lambda2,lambda3,elongation,flatness,orientation_x,orientation_y,orientation_z,volume,surface_area,bbox_aspect_ratio,file
chr23,24hrs,vacv,-64.67390525132117,43.701818980510524,62.556681051064245,3.5495969040065694,1.0582916031451801,0.6946739503687216,5.109730834332425,1.5234364302612127,0.7798018373678436,0.602646876266725,-0.16948698169385723,78.9003738807975,99.43496944409628,1.4163622244057283,data/green_monkey/all_structure_files/chr23/24hrs/vacv/structure_24hrs_vacv_gene_info.csv
chr23,24hrs,untr,-12.413874054223882,-16.71413559117354,37.1555036113335,3.0117761626201345,1.1325598477028607,0.7901537191722479,3.811633217110238,1.4333411590966272,0.6950875039738975,0.28824983430308193,-0.6586086811176898,81.32594207809436,100.77024663861822,1.1790519624964373,data/green_monkey/all_structure_files/chr23/24hrs/untr/structure_24hrs_untr_gene_info.csv
chr23,12hrs,vacv,-4.495660300288299,9.45078061202569,53.10471788997104,4.18840868377068,1.2506841177504198,0.9429541976529805,4.44179440973449,1.326346625173716,0.733179855533126,0.5356648024472752,-0.41893975564458624,105.13624418950918,122.23060355632492,1.1833484794152436,data/green_monkey/all_structure_files/chr23/12hrs/vacv/structure_12hrs_vacv_gene_info.csv
chr23,12hrs,untr,-68.08715405398921,24.026194846459955,-11.572885474065995,4.052075385023824,1.113542555195946,0.7500840943667618,5.402161458235798,1.484556949759112,0.7149427733633439,-0.027973405035852217,-0.6986231598123769,88.24286730530932,108.880788159813,1.6782558867113362,data/green_monkey/all_structure_files/chr23/12hrs/untr/structure_12hrs_untr_gene_info.csv
chr23,18hrs,vacv,-0.4587314044703468,-25.301327801632766,10.08360252896571,3.217440980458409,1.9138066459835799,0.9774140631938019,3.2917891215367687,1.958030601411666,0.9290938515122542,0.14784060422297934,-0.3390099863206232,118.49208412804114,128.94106399127344,1.4500600476839414,data/green_monkey/all_structure_files/chr23/18hrs/vacv/structure_18hrs_vacv_gene_info.csv
chr23,18hrs,untr,-61.17467622044477,-18.422374502543487,-48.98621235502876,4.057634402831925,1.3014305390333591,0.8745838848839615,4.639502822957098,1.48805684797866,0.25944461849888556,-0.00795691057897674,0.9657252080721543,109.8902779017096,124.04004714184661,1.535918975199136,data/green_monkey/all_structure_files/chr23/18hrs/untr/structure_18hrs_untr_gene_info.csv
