chromosome,time,condition,centroid_x,centroid_y,centroid_z,lambda1,lambda2,lambda3,elongation,flatness,orientation_x,orientation_y,orientation_z,volume,surface_area,bbox_aspect_ratio,file
chr28,24hrs,vacv,-6.086249144543452,-7.463847947639935,-16.42875194863407,1.2305066671443141,0.6594559382638409,0.5645013928283019,2.1798115696033076,1.1682095857368773,-0.21410871513676638,0.7747451388858482,-0.594918000967554,27.854616101754942,49.07411773669911,1.4013829913850118,data/green_monkey/all_structure_files/chr28/24hrs/vacv/structure_24hrs_vacv_gene_info.csv
chr28,24hrs,untr,44.78364156677912,6.124731033707178,-35.79546925022447,1.2836612954599118,0.7201668102948707,0.5516237520778429,2.327059505006171,1.3055398858047065,-0.09450095939751736,0.5267036404310451,0.8447797605468736,30.00127204368398,51.39850717841697,1.6032259295262703,data/green_monkey/all_structure_files/chr28/24hrs/untr/structure_24hrs_untr_gene_info.csv
chr28,12hrs,vacv,12.65687392670315,-19.231346823119488,31.459598717406557,1.4354692007243792,0.7742957424988431,0.5626681949961949,2.551182408193672,1.3761142879314148,0.8779539540361279,0.2984750911468127,0.3743120016206147,29.816579311563327,52.09116012922674,1.4260577314109837,data/green_monkey/all_structure_files/chr28/12hrs/vacv/structure_12hrs_vacv_gene_info.csv
chr28,12hrs,untr,-3.5076527015129733,0.689256113625741,17.516282926192332,1.1323199883918484,0.7346103587047327,0.6365487228039025,1.7788426051726993,1.1540520503581928,0.9100711253331739,-0.4132050670750444,0.03212661479705862,30.138359635314554,51.41275868615559,1.6338593093508609,data/green_monkey/all_structure_files/chr28/12hrs/untr/structure_12hrs_untr_gene_info.csv
chr28,18hrs,vacv,1.57467994447323,-15.291442470855428,6.30912439182302,1.4975409789625904,0.7724855129393794,0.6796400205097728,2.2034326022168917,1.1366098075860316,0.6786977024584759,0.4795295910859063,0.5562560561023757,33.00659504851647,54.9700236206035,1.1462723093188694,data/green_monkey/all_structure_files/chr28/18hrs/vacv/structure_18hrs_vacv_gene_info.csv
chr28,18hrs,untr,-22.63281973469821,-41.18781757698076,-18.54660322549334,1.3975250395143002,0.8077501813018734,0.5523045101842664,2.530352393914077,1.4625087545136688,0.9634039598241826,0.2680491257374783,-0.0015736538558325827,32.605630590550305,54.48112211925281,1.69363093091987,data/green_monkey/all_structure_files/chr28/18hrs/untr/structure_18hrs_untr_gene_info.csv
