chromosome,time,condition,centroid_x,centroid_y,centroid_z,lambda1,lambda2,lambda3,elongation,flatness,orientation_x,orientation_y,orientation_z,volume,surface_area,bbox_aspect_ratio,file
chr3,24hrs,vacv,-39.43902834782229,15.05432751755892,-19.02296690774629,5.726011102635246,1.5659661409825008,0.7199390165644554,7.953466850511501,2.1751372060029217,0.6442549854281165,0.646111703527655,0.4092373153997679,105.09129686758882,121.02104138524658,1.291677462576666,data/green_monkey/all_structure_files/chr3/24hrs/vacv/structure_24hrs_vacv_gene_info.csv
chr3,24hrs,untr,-9.020879867823416,-94.7813143115867,-63.863348896809676,5.343592720951805,1.4895864509994428,0.9065687810770262,5.8943048034408205,1.6431036255514746,-0.5103647782195478,0.8584518622614769,0.050874289505745,117.53893203845013,127.81574096930284,1.3352064032579434,data/green_monkey/all_structure_files/chr3/24hrs/untr/structure_24hrs_untr_gene_info.csv
chr3,12hrs,vacv,-39.18599847697037,17.193450678903858,5.96365079508916,7.6803447964424745,1.7110550072252027,0.9726508088970569,7.896302276406521,1.7591667961140787,-0.4968796639626382,0.4285808377025505,0.7546052379188445,146.591997366957,152.4202703400608,1.2506184504245563,data/green_monkey/all_structure_files/chr3/12hrs/vacv/structure_12hrs_vacv_gene_info.csv
chr3,12hrs,untr,32.413719723682604,-3.798630992895022,-29.630090833214783,7.552897088571843,1.668170496154595,0.7911945784063664,9.546194191301183,2.1084200292608726,0.878180728118383,0.43444245391828296,0.200145854303624,124.91051129435496,138.5643975481071,1.7782771202629746,data/green_monkey/all_structure_files/chr3/12hrs/untr/structure_12hrs_untr_gene_info.csv
chr3,18hrs,vacv,-15.118176452514339,51.44764142736864,35.66781771557104,7.154622733987827,1.9042896472856186,0.8984844109795005,7.962990394221836,2.119446507936203,0.4818181137276501,-0.5996768895606143,0.6389357819146115,150.78334271326293,156.2612304908818,1.0620973236846454,data/green_monkey/all_structure_files/chr3/18hrs/vacv/structure_18hrs_vacv_gene_info.csv
chr3,18hrs,untr,-10.235109665423243,20.55129670708397,54.20456142802448,6.52637567492233,1.8325745759742753,1.0526622529778789,6.199876224743359,1.7408951169191262,-0.2761080916899457,-0.6281001487566586,0.7274988143187584,159.34822182709826,159.28185737856745,1.2879549462548963,data/green_monkey/all_structure_files/chr3/18hrs/untr/structure_18hrs_untr_gene_info.csv
