chromosome,time,condition,centroid_x,centroid_y,centroid_z,lambda1,lambda2,lambda3,elongation,flatness,orientation_x,orientation_y,orientation_z,volume,surface_area,bbox_aspect_ratio,file
chr22,24hrs,vacv,24.318611156844227,8.065236208306963,-1.5911354149860746,6.815019722787182,1.4679147220682627,0.7691703619619312,8.860221427934427,1.908439007353373,-0.3542124708755868,0.7076205085749001,0.611397367773538,126.53135307836584,142.27067816109033,1.246086501537759,data/green_monkey/all_structure_files/chr22/24hrs/vacv/structure_24hrs_vacv_gene_info.csv
chr22,24hrs,untr,52.28770405164398,-0.6281956300443535,40.55199108877088,5.871318528090116,1.4282337971527834,0.7418146337621694,7.914805479521585,1.9253243764003238,-0.41424501582207895,-0.25209172025085524,0.8745575060838086,124.58190218982911,137.86085857826532,1.921334035633097,data/green_monkey/all_structure_files/chr22/24hrs/untr/structure_24hrs_untr_gene_info.csv
chr22,12hrs,vacv,10.076821648234993,17.293541416327027,9.728100224674904,7.410328049609694,1.5311816580937678,1.025911605219644,7.223164268643953,1.4925083704126219,0.32202510279260355,0.8829858129260291,0.34151996624322395,167.67332677283537,166.67465767726014,1.5563546569018578,data/green_monkey/all_structure_files/chr22/12hrs/vacv/structure_12hrs_vacv_gene_info.csv
chr22,12hrs,untr,-46.12551017674622,18.664395593674527,-70.17484662037522,6.089586145079,1.4137988617491408,0.9634350867419024,6.320702067922879,1.4674562730845278,0.25055783979892515,0.5717344600292549,0.7812429046912059,152.12349969313624,153.31581175951968,1.2518147570707,data/green_monkey/all_structure_files/chr22/12hrs/untr/structure_12hrs_untr_gene_info.csv
chr22,18hrs,vacv,-43.15440719463575,25.585548432897557,1.3415849580507277,8.08755266223864,1.802491122072467,1.1495163701021565,7.035613300156749,1.5680430213553909,-0.32004563788304324,0.8649736983654239,-0.3865116955644116,186.95910254737888,179.42572892493106,1.325386979562422,data/green_monkey/all_structure_files/chr22/18hrs/vacv/structure_18hrs_vacv_gene_info.csv
chr22,18hrs,untr,-68.54615541983627,-35.27208012546503,77.32886252470918,6.837748688877117,1.7157166766591292,1.0921600087145964,6.2607572464814165,1.5709389310806388,0.9545606984035493,0.08638137474296509,-0.28522294991960934,167.77897225692723,168.73265604836465,1.5673389165834315,data/green_monkey/all_structure_files/chr22/18hrs/untr/structure_18hrs_untr_gene_info.csv
