chromosome,time,condition,centroid_x,centroid_y,centroid_z,lambda1,lambda2,lambda3,elongation,flatness,orientation_x,orientation_y,orientation_z,volume,surface_area,bbox_aspect_ratio,file
chr19,24hrs,vacv,7.363663432669031,6.111848558991387,-24.971439847183632,1.2758352108615072,0.9395844503584847,0.6585035618086855,1.9374765526813877,1.4268479395582394,0.21607350432996006,0.9077975995427293,-0.35946593578672886,40.38846270616861,60.53313316525004,1.1822304850497407,data/green_monkey/all_structure_files/chr19/24hrs/vacv/structure_24hrs_vacv_gene_info.csv
chr19,24hrs,untr,-7.662724857621607,36.27151313155768,8.917424607979115,1.4440269613016783,0.9064142158308134,0.648344538954848,2.2272524476407183,1.398044035802294,0.26626080336154223,0.9610667530217886,-0.07386393456499671,43.43142400759418,64.56566720495127,1.2776861922007026,data/green_monkey/all_structure_files/chr19/24hrs/untr/structure_24hrs_untr_gene_info.csv
chr19,12hrs,vacv,-4.310434142409569,-2.198503837966561,-34.031709980523004,1.419224559201552,1.0968129871319154,0.7131315562880667,1.990130077245189,1.5380233527190348,0.700049716044596,0.6355061464816284,-0.325672124766538,50.431037086387406,70.19492896274573,1.2625355876435573,data/green_monkey/all_structure_files/chr19/12hrs/vacv/structure_12hrs_vacv_gene_info.csv
chr19,12hrs,untr,-4.452261164609376,1.3769989687550026,-30.357962138833557,1.3842077154107462,0.9105398691822485,0.6285335657996773,2.2022812952712107,1.4486734181392162,0.19111441650648905,0.966746979980262,-0.16992809215202614,43.27642989127359,64.71970533668402,1.428019576893514,data/green_monkey/all_structure_files/chr19/12hrs/untr/structure_12hrs_untr_gene_info.csv
chr19,18hrs,vacv,-22.088986594942817,-8.847414442061625,-4.985780531634931,1.5849604991059416,1.0349433390487888,0.7006928656992489,2.2619903479739976,1.4770285095110511,0.3809555385120439,-0.3903876219168698,0.8381350621057979,49.90617637145037,70.75778839443767,1.3243270041643989,data/green_monkey/all_structure_files/chr19/18hrs/vacv/structure_18hrs_vacv_gene_info.csv
chr19,18hrs,untr,10.259400583668484,5.787436769430066,-21.438853962932725,1.5044152794603733,0.9823047942795371,0.7038849064334622,2.137302939315953,1.3955474613837222,0.5259025854509302,0.847562674734227,0.07116166814648218,55.28196949712772,76.1985853561243,1.0758415897620854,data/green_monkey/all_structure_files/chr19/18hrs/untr/structure_18hrs_untr_gene_info.csv
