chromosome,time,condition,centroid_x,centroid_y,centroid_z,lambda1,lambda2,lambda3,elongation,flatness,orientation_x,orientation_y,orientation_z,volume,surface_area,bbox_aspect_ratio,file
chr5,24hrs,vacv,-24.94463806846233,34.68518637633272,5.928103902680208,2.7803082373894847,2.138878950994669,0.7776569300290822,3.5752375244511856,2.7504145702330214,0.6642132295179374,-0.36604814367913474,-0.6517894922767713,104.09198758048319,117.04509723250963,1.1798671418556008,data/green_monkey/all_structure_files/chr5/24hrs/vacv/structure_24hrs_vacv_gene_info.csv
chr5,24hrs,untr,-23.578193613219156,31.348427296993716,42.971079861049745,2.8668443015531704,1.848949689365716,0.6929751547555401,4.1370087828971345,2.6681327269488726,-0.22612451193862526,0.9736787751481403,-0.02858929741241457,98.15882023017066,113.45099420071035,1.4133967920233823,data/green_monkey/all_structure_files/chr5/24hrs/untr/structure_24hrs_untr_gene_info.csv
chr5,12hrs,vacv,19.256200793533818,28.240953265769768,-40.72060623656069,3.253108573537696,2.519416931877449,0.8139418477636035,3.9967334060485733,3.095327926435813,0.4522143816420393,-0.616486896990368,0.6445510521869431,128.9803379160273,136.54785570793405,1.3362823406424433,data/green_monkey/all_structure_files/chr5/12hrs/vacv/structure_12hrs_vacv_gene_info.csv
chr5,12hrs,untr,-89.2811211973032,32.8721226656994,-35.76947762316921,2.6590638702047698,2.1621258346580268,0.687977282125047,3.8650460404613436,3.142728533098623,0.7629837798498035,0.6447927207129713,-0.045805010661184246,100.18456636276143,115.41168701723781,1.202079556006577,data/green_monkey/all_structure_files/chr5/12hrs/untr/structure_12hrs_untr_gene_info.csv
chr5,18hrs,vacv,42.91490308912375,-35.18307954159115,48.8570901005575,3.870185975817418,2.4533674537078536,1.1101070512424331,3.486317802851447,2.2100278085451683,0.8174805609795119,-0.48562604789366226,0.309665745648118,145.24103731691054,147.1493311145908,1.2072084438819919,data/green_monkey/all_structure_files/chr5/18hrs/vacv/structure_18hrs_vacv_gene_info.csv
chr5,18hrs,untr,-67.93301866364841,-25.11472884697486,-45.38605578337349,3.0976176048805177,2.4287123054617745,0.7395543255339979,4.188492309397111,3.284021499986649,0.3163712685565132,0.9187245098370522,-0.2363355569029155,116.54606726643324,128.50578848287395,1.4910769927100742,data/green_monkey/all_structure_files/chr5/18hrs/untr/structure_18hrs_untr_gene_info.csv
