chromosome,time,condition,centroid_x,centroid_y,centroid_z,lambda1,lambda2,lambda3,elongation,flatness,orientation_x,orientation_y,orientation_z,volume,surface_area,bbox_aspect_ratio,file
chr20,24hrs,vacv,22.163098823768046,76.60303506360323,33.03191013064819,6.049515998829599,2.8105516423683885,0.6986963121320059,8.658291011111926,4.022565445912052,-0.26621801267183093,0.7950169487747487,0.5450468061459945,164.28963572538157,169.23177239204426,2.037783886854285,data/green_monkey/all_structure_files/chr20/24hrs/vacv/structure_24hrs_vacv_gene_info.csv
chr20,24hrs,untr,37.27554584624488,17.73176213779692,1.099608094760526,4.388005633784439,2.460152087272373,1.1695640004627479,3.7518302820951117,2.103477951013363,0.5268647066319575,-0.5733548846708206,0.6274374527630072,180.96669984452396,166.65096782871214,1.179623201100572,data/green_monkey/all_structure_files/chr20/24hrs/untr/structure_24hrs_untr_gene_info.csv
chr20,12hrs,vacv,51.698088299638016,-33.22468018668569,-59.77469837653726,5.2611601807953985,3.422727708172921,1.043529626064325,5.041696995836984,3.279952598070213,0.731921014210018,0.34151572998228097,-0.5896258433383397,217.5534903323351,193.38604363061498,1.4263057167478894,data/green_monkey/all_structure_files/chr20/12hrs/vacv/structure_12hrs_vacv_gene_info.csv
chr20,12hrs,untr,98.30870509691147,24.74934455229641,-81.83135101799996,4.349762203732133,2.9702040088863106,1.1175472504410964,3.8922400838222093,2.657788301759921,0.8862007223185059,0.10680063274028712,-0.4508235847961291,187.72013134586513,172.9808884247589,1.2697402765545898,data/green_monkey/all_structure_files/chr20/12hrs/untr/structure_12hrs_untr_gene_info.csv
chr20,18hrs,vacv,26.39024493572861,-17.482018636229963,-12.22925799321649,6.511068242126396,3.9760451404861366,0.8807955162460178,7.3922586139820545,4.514152339730547,-0.5792654602155374,0.01625844409333055,0.8149768031035884,250.56108399742385,216.3020780380715,2.036729431962418,data/green_monkey/all_structure_files/chr20/18hrs/vacv/structure_18hrs_vacv_gene_info.csv
chr20,18hrs,untr,-18.52934069958739,-44.92849568613052,17.861480621208944,5.156824220614568,3.236706324552915,1.0778126971714517,4.784527250558315,3.003032282925537,0.10733672654079957,0.8765950004979202,-0.4691055661975847,233.42486302531515,204.1324878816054,1.2578084113349275,data/green_monkey/all_structure_files/chr20/18hrs/untr/structure_18hrs_untr_gene_info.csv
