chromosome,time,condition,centroid_x,centroid_y,centroid_z,lambda1,lambda2,lambda3,elongation,flatness,orientation_x,orientation_y,orientation_z,volume,surface_area,bbox_aspect_ratio,file
chr14,24hrs,vacv,-62.311255326682556,10.744489189283241,-17.191289579879953,5.218528401109824,2.368616391805294,0.9220037559294486,5.659986054882344,2.5689877905297163,-0.527110555525144,0.6196925916206031,-0.5814942425721121,137.70782142878502,141.74080201753435,1.057812760595621,data/green_monkey/all_structure_files/chr14/24hrs/vacv/structure_24hrs_vacv_gene_info.csv
chr14,24hrs,untr,52.84777281730839,-19.180630565269027,-43.68139724284813,4.474675934039876,2.0666267837744545,1.3453372018940095,3.3260627356028523,1.5361403675338718,0.5029149332460494,0.8585730488283548,0.09964381437753742,148.82763069822911,147.59771539700853,1.2261561277830533,data/green_monkey/all_structure_files/chr14/24hrs/untr/structure_24hrs_untr_gene_info.csv
chr14,12hrs,vacv,5.3057594587578905,-55.37885754259833,-36.16612973374054,10.387584605605188,1.5083981165609561,1.1214595515472057,9.262558414411028,1.3450312269220197,0.747789046156589,0.28167502644983755,0.6012243524032459,179.24917472477443,178.34715520440423,1.5335879503545848,data/green_monkey/all_structure_files/chr14/12hrs/vacv/structure_12hrs_vacv_gene_info.csv
chr14,12hrs,untr,32.06368758015874,17.484621679740254,46.65293656016151,4.427836365280231,2.6629062170472575,1.219187740018329,3.6317920693769965,2.1841642018211433,0.5057830163875606,-0.2114083926342687,0.8363552067499164,156.58580528710561,152.67160125561335,1.12433603018147,data/green_monkey/all_structure_files/chr14/12hrs/untr/structure_12hrs_untr_gene_info.csv
chr14,18hrs,vacv,-35.82704714992659,10.668033612737437,-11.348151477084036,12.767196949284152,2.012891757343832,0.950813749867247,13.427652840597554,2.1170200342862864,0.9642553981221332,-0.0036157132129541747,-0.26494990811526625,195.67810976015298,191.062832711759,1.8994690543780126,data/green_monkey/all_structure_files/chr14/18hrs/vacv/structure_18hrs_vacv_gene_info.csv
chr14,18hrs,untr,38.79091344213486,-26.495297328171294,-34.76172161970169,5.874581258194588,2.844224392000958,1.5075067636880153,3.8968855063859316,1.8867075495188836,-0.6345798333136274,-0.12414897377767653,0.7628207308808529,201.60046159271096,180.44710638692018,1.210205452933931,data/green_monkey/all_structure_files/chr14/18hrs/untr/structure_18hrs_untr_gene_info.csv
