label,n_lobes,glyph_string,E1_a,E1_b,E1_c,E1_elong,E1_flat,E2_a,E2_b,E2_c,E2_elong,E2_flat,E3_a,E3_b,E3_c,E3_elong,E3_flat
12h vacv,6,"L6: E1[3.6,3.0,2.8]@[-41.9,14.1,-69.1]; E2[4.0,2.3,1.7]@[-43.7,16.8,-72.6]; E3[3.3,2.4,1.3]@[-47.7,16.3,-71.7]; E4[3.5,2.0,1.1]@[-46.6,18.3,-68.4]; E5[3.5,1.6,1.0]@[-41.4,17.8,-70.8]; E6[2.5,2.1,1.0]@[-45.2,17.4,-70.5]",3.5815541859984594,3.0406561732857424,2.807885179660194,1.1778885808553397,1.0828990423927587,4.041846890796409,2.3235678651718663,1.67481668394861,1.7395002528828427,1.3873565304510698,3.283272773523963,2.3541180091713922,1.275124618577638,1.394693366831225,1.8461866181763091
18h vacv,6,"L6: E1[3.4,3.2,2.5]@[29.0,7.5,67.0]; E2[2.9,2.6,1.6]@[26.4,9.5,63.4]; E3[3.1,2.7,1.2]@[21.3,8.8,64.5]; E4[4.0,2.5,1.3]@[24.0,7.6,65.7]; E5[3.3,1.5,1.5]@[28.2,7.7,70.2]; E6[3.8,2.1,1.1]@[23.2,10.7,65.3]",3.4251357960473947,3.1797940584664857,2.490935927363348,1.077156486235487,1.2765459047980199,2.866872040111369,2.561048126365889,1.571238982267746,1.11941357504282,1.6299545477414334,3.10539140682966,2.674949762844817,1.2077650572481262,1.1609157857103647,2.214793137603148
24h vacv,6,"L6: E1[3.9,2.2,1.9]@[25.1,96.3,-12.8]; E2[3.0,2.3,1.8]@[19.5,94.0,-13.5]; E3[3.5,2.2,1.6]@[23.7,93.2,-13.1]; E4[3.9,1.9,1.4]@[20.9,93.8,-12.2]; E5[2.7,1.6,1.0]@[24.5,97.7,-10.7]; E6[2.9,1.3,0.8]@[23.5,91.7,-12.7]",3.888045876922241,2.231280465090626,1.8908473308642462,1.7425177766802193,1.1800426335270209,3.0287672898944797,2.3443564314181526,1.7741770142962374,1.291939761382774,1.321376847522011,3.5168575606276544,2.197574520463946,1.626098902388929,1.6003359732642188,1.3514396423760038
