chromosome,time,condition,centroid_x,centroid_y,centroid_z,lambda1,lambda2,lambda3,elongation,flatness,orientation_x,orientation_y,orientation_z,volume,surface_area,bbox_aspect_ratio,file
chr12,24hrs,vacv,16.41217550987417,59.10126127745689,86.11997342626552,11.832852225032427,1.0335842136652025,0.9954879231887193,11.886484958179867,1.038268962976923,0.7626837890441259,0.009777646884178925,-0.6466976384298181,144.5005118985801,157.69574160652306,2.1115285493046483,data/green_monkey/all_structure_files/chr12/24hrs/vacv/structure_24hrs_vacv_gene_info.csv
chr12,24hrs,untr,-54.38019572673677,36.72909517148074,6.491533520324029,5.087153967801537,2.69926323088348,1.0531949387592043,4.8302111798931,2.5629284110152963,0.021179900376859614,0.872127362845097,-0.4888202888556111,160.8727797908948,157.4380189818149,1.2331096322875004,data/green_monkey/all_structure_files/chr12/24hrs/untr/structure_24hrs_untr_gene_info.csv
chr12,12hrs,vacv,13.19878912920389,51.66123513486097,6.858468997540614,11.561608310283221,3.0061042437437924,1.1364150446332328,10.173755059723465,2.645252065202977,0.7769771413239002,0.5115918567973257,-0.3668518691771991,220.33213731404103,203.02266185365093,1.2380541899422564,data/green_monkey/all_structure_files/chr12/12hrs/vacv/structure_12hrs_vacv_gene_info.csv
chr12,12hrs,untr,-16.57260879844629,-80.96164525189211,4.164925078155761,10.385123729242151,1.7940670787738868,1.0102691441793386,10.279561430808808,1.7758308160853935,0.352235576134701,0.8367199751021193,0.4193206197769959,179.90705771155484,178.6847065117164,1.4281119624421714,data/green_monkey/all_structure_files/chr12/12hrs/untr/structure_12hrs_untr_gene_info.csv
chr12,18hrs,vacv,-23.907019585632273,38.84506107475123,33.197883757826425,12.991720202534093,3.453329928776951,1.1466068788386792,11.330579331333274,3.0117819738484353,0.32291396395408944,0.49116986819224906,0.8089985985546985,243.87321686476153,220.4667090445357,1.308161463875811,data/green_monkey/all_structure_files/chr12/18hrs/vacv/structure_18hrs_vacv_gene_info.csv
chr12,18hrs,untr,-64.63751352636575,-39.328481510081225,-95.01182885985624,13.0269494080189,1.4760012956650423,1.154296864653396,11.285614478326197,1.2787016415471644,-0.6709725679762238,0.7318352584411776,0.1192181509910559,205.12537614084493,196.01060335501546,1.7606856172142686,data/green_monkey/all_structure_files/chr12/18hrs/untr/structure_18hrs_untr_gene_info.csv
