chromosome,time,condition,centroid_x,centroid_y,centroid_z,lambda1,lambda2,lambda3,elongation,flatness,orientation_x,orientation_y,orientation_z,volume,surface_area,bbox_aspect_ratio,file
chr13,24hrs,vacv,-66.4546838272153,3.573214684963325,-8.096193517741145,5.4848793428258755,3.5262882755046574,0.9652315543165486,5.68244927167715,3.653308120455631,-0.26582638488835164,0.8984613888664906,0.3494330634231497,166.1240017680844,164.6157791455245,1.2535730555311488,data/green_monkey/all_structure_files/chr13/24hrs/vacv/structure_24hrs_vacv_gene_info.csv
chr13,24hrs,untr,-48.3474289011878,-46.81006830129761,-1.8304552422988414,5.33069810170422,3.138166251607823,1.0907825374876918,4.887040192247642,2.876986148710905,-0.24006360969435384,0.779117574564425,-0.5790900347142616,169.0924523916445,164.55064694560403,1.49439912434702,data/green_monkey/all_structure_files/chr13/24hrs/untr/structure_24hrs_untr_gene_info.csv
chr13,12hrs,vacv,-37.97781155617307,19.279106640161324,69.27100777469957,11.992329163275564,3.349980318470825,0.8016432725627162,14.959682908506352,4.1788915757522815,0.7110877415691016,-0.5161826196203003,-0.4773989180885091,221.39618717754232,213.05679664988713,1.4344123626480527,data/green_monkey/all_structure_files/chr13/12hrs/vacv/structure_12hrs_vacv_gene_info.csv
chr13,12hrs,untr,-7.348970449322856,36.63215797444668,-59.62865841021103,6.2221074410186334,2.7983543510427,1.202161682649913,5.175765898063981,2.327768711505024,0.0943283563449662,0.7929759974968706,-0.6019063287448475,184.0466043415019,175.01837821298585,1.2758029214221571,data/green_monkey/all_structure_files/chr13/12hrs/untr/structure_12hrs_untr_gene_info.csv
chr13,18hrs,vacv,-14.400756646375877,-29.442739130559385,-28.37309291816191,8.972527107515115,2.5880870640544127,1.5028893749742565,5.970184670224851,1.7220742305791767,0.12884619249087326,0.29969987882061155,0.9452928865253964,235.60229912139656,207.83183357827494,1.7271349888955678,data/green_monkey/all_structure_files/chr13/18hrs/vacv/structure_18hrs_vacv_gene_info.csv
chr13,18hrs,untr,30.354001152291975,22.44358796307582,-13.76400930418429,7.305327323292157,3.8675220474051306,1.0219953352806026,7.148102414074503,3.78428542077763,-0.2887901356428357,0.9573868038021155,0.0032810761896014703,226.21162583269302,205.66432066787334,1.6739882449343,data/green_monkey/all_structure_files/chr13/18hrs/untr/structure_18hrs_untr_gene_info.csv
