chromosome,time,condition,centroid_x,centroid_y,centroid_z,lambda1,lambda2,lambda3,elongation,flatness,orientation_x,orientation_y,orientation_z,volume,surface_area,bbox_aspect_ratio,file
chr1,24hrs,vacv,20.74094478374725,94.9937951881242,-10.215447516794317,6.745105021169375,2.346571089926519,1.4220279901008455,4.743299757897899,1.6501581588138137,0.06231726838373616,0.39634049936597426,0.9159862262193244,213.30686889057176,188.89526041939766,1.4460811631192165,data/green_monkey/all_structure_files/chr1/24hrs/vacv/structure_24hrs_vacv_gene_info.csv
chr1,24hrs,untr,20.44651452867775,25.183333033613767,-69.02457303844726,4.8274331079396875,2.7178987573722364,1.1267789579322824,4.284276941768918,2.41209576930667,-0.1402644627052713,-0.5210593073091171,0.8419163133997014,198.77160320483162,179.01108553315336,1.32032249747774,data/green_monkey/all_structure_files/chr1/24hrs/untr/structure_24hrs_untr_gene_info.csv
chr1,12hrs,vacv,-45.729428317382855,16.0711587201995,-67.70744989942892,8.710397403322446,2.8525779002583658,1.4094867237775057,6.179836430085754,2.0238416241433566,0.07973978672891276,-0.4937770885970312,0.8659247964974017,281.27418650967024,228.5017832281708,1.2505915812297348,data/green_monkey/all_structure_files/chr1/12hrs/vacv/structure_12hrs_vacv_gene_info.csv
chr1,12hrs,untr,-39.86980206597994,41.38129920599172,-50.8287832357616,4.558993516689443,2.506090389345499,1.9256349833807778,2.3675273642387613,1.3014358437473095,0.21557814537982598,0.2391215151010515,0.9467560215020405,219.66836726974634,190.93392144539317,1.2479769519299442,data/green_monkey/all_structure_files/chr1/12hrs/untr/structure_12hrs_untr_gene_info.csv
chr1,18hrs,vacv,23.709658586556046,8.68696022685271,68.42307374532663,11.607649595676229,2.73620471554758,1.2955818142459261,8.959410720373754,2.111950542575458,0.3828271024275895,-0.31473226892482487,0.868554551277194,301.7314413275489,246.00961680805892,1.718466999424626,data/green_monkey/all_structure_files/chr1/18hrs/vacv/structure_18hrs_vacv_gene_info.csv
chr1,18hrs,untr,52.408284872055084,21.377821354373165,-89.22135540648155,5.847594628891045,2.787694166364593,2.2375240462603263,2.613422027202072,1.24588344470478,-0.6064646464396511,0.09380155314738248,0.7895580417207895,283.5003335009738,227.33252545787676,1.292622078132953,data/green_monkey/all_structure_files/chr1/18hrs/untr/structure_18hrs_untr_gene_info.csv
