view,IoU_p50,BO80,BO95,meanNN,Hausdorff
X,0.5980354391370765,0.5398808828680907,0.44164172723379763,6.116673411805251,27.17188849407143
Y,0.4996087636932218,0.38149584487530397,0.27574708221107147,7.874378383161213,26.675895538440276
Z,0.5713958285582659,0.47492700266592924,0.39369846878675,7.394758990742398,23.40587693511037
