chromosome,time,condition,centroid_x,centroid_y,centroid_z,lambda1,lambda2,lambda3,elongation,flatness,orientation_x,orientation_y,orientation_z,volume,surface_area,bbox_aspect_ratio,file
chr7,24hrs,vacv,-2.9935214128227567,109.36798840568238,-19.07407928595087,12.607549558379901,2.3253566487515824,0.7018330200427426,17.963745219072315,3.313261961669978,0.6879041476790937,0.7258004751037899,0.001246573308404254,192.14919494124786,191.64642984349877,1.765564524081612,data/green_monkey/all_structure_files/chr7/24hrs/vacv/structure_24hrs_vacv_gene_info.csv
chr7,24hrs,untr,-41.673938495503265,31.084103245296998,25.650546993167286,9.836681198418407,1.7844689702543115,0.9229231402574505,10.658180263715627,1.93349683458639,0.9917502208426673,-0.02338662704469313,0.12603398404396313,192.3638823680749,185.79345099415235,1.926985117032099,data/green_monkey/all_structure_files/chr7/24hrs/untr/structure_24hrs_untr_gene_info.csv
chr7,12hrs,vacv,-3.7164599917906385,25.236344927386526,8.519596550621381,19.08692972256571,1.2483943813716294,0.8547480651645993,22.33047432390517,1.4605407514215611,0.7066877376393232,-0.4302931060248193,0.5616407075504135,236.10704841639006,232.90500947648079,1.299751196976921,data/green_monkey/all_structure_files/chr7/12hrs/vacv/structure_12hrs_vacv_gene_info.csv
chr7,12hrs,untr,43.952881838898286,22.39690627053979,-7.76712943479232,15.802343497426545,1.8380926881107758,0.8310315688993815,19.015334782474238,2.2118205335389924,-0.04815229084010491,-0.18709985187530687,0.9811600289020586,216.97501812212195,214.9608032304275,2.5498152772600826,data/green_monkey/all_structure_files/chr7/12hrs/untr/structure_12hrs_untr_gene_info.csv
chr7,18hrs,vacv,22.744199169361607,-20.414607979272805,60.46438178001269,19.820029211626554,1.8786479366827278,0.9256314075767202,21.412442414324392,2.0295853417517247,-0.2599868292300295,-0.47545845603454073,0.8404439929062292,273.7881758845602,254.94655201892343,1.6069447509687456,data/green_monkey/all_structure_files/chr7/18hrs/vacv/structure_18hrs_vacv_gene_info.csv
chr7,18hrs,untr,-49.82203323871729,-49.16430377080141,6.454056431826203,11.103744834235982,2.5828678255977793,0.9897209793575484,11.219065843631697,2.609692912920145,0.4712216872730324,0.6459439237983006,0.6005885186644947,260.0763416889429,228.47651590671123,1.1415437535611912,data/green_monkey/all_structure_files/chr7/18hrs/untr/structure_18hrs_untr_gene_info.csv
