chromosome,time,condition,centroid_x,centroid_y,centroid_z,lambda1,lambda2,lambda3,elongation,flatness,orientation_x,orientation_y,orientation_z,volume,surface_area,bbox_aspect_ratio,file
chr16,24hrs,vacv,6.561048514269058,13.271009904615513,33.57112280429788,3.3698038846453455,1.631542570773453,0.7403049117224728,4.551913449830825,2.203879165109591,0.4429943930427624,0.1682019803192497,0.880604372887937,93.59724942363718,107.82425708559904,1.2895865893220537,data/green_monkey/all_structure_files/chr16/24hrs/vacv/structure_24hrs_vacv_gene_info.csv
chr16,24hrs,untr,-3.2753472855980235,-28.493366404407105,43.38726678933844,2.739589800046044,1.5504695039268028,0.7358284317216225,3.7231366469982796,2.1071073596587717,0.23471270795039623,0.9711746759124382,-0.0415895851501628,95.80994703009519,110.48833893595832,1.4565870578207352,data/green_monkey/all_structure_files/chr16/24hrs/untr/structure_24hrs_untr_gene_info.csv
chr16,12hrs,vacv,21.588457503653686,47.36675462202078,8.371015384733742,4.441245170783546,1.59681785107305,0.8553611877629885,5.1922453746102954,1.8668345886130049,0.9901696820792576,-0.11183317051986116,-0.08400799165875303,121.91219658370652,129.8482580166076,1.6113590112694192,data/green_monkey/all_structure_files/chr16/12hrs/vacv/structure_12hrs_vacv_gene_info.csv
chr16,12hrs,untr,0.7008773947356207,-0.11097242768330262,5.860350993110498,3.2351510548186697,1.5284337408904591,0.7384339788320788,4.381097224067947,2.0698312709118003,-0.3342492105999865,0.726097413208721,0.6008826938304092,96.66249664057668,110.70923350873825,1.3158630662872384,data/green_monkey/all_structure_files/chr16/12hrs/untr/structure_12hrs_untr_gene_info.csv
chr16,18hrs,vacv,-30.443218924087024,-62.63306591593646,63.434180704124394,4.081383612391976,2.001827118038014,0.8797691381657368,4.639152972450709,2.2754004785979394,0.6835247179592299,-0.6477546917681641,-0.3364636967506103,124.72803160641179,131.8896583924954,1.3487804528015532,data/green_monkey/all_structure_files/chr16/18hrs/vacv/structure_18hrs_vacv_gene_info.csv
chr16,18hrs,untr,0.3186171641346973,68.35104124350876,52.71183078673744,3.9558696905223396,1.7087013200474763,0.7888284869676027,5.0148666736534935,2.1661252709268,0.005649858510135221,0.9957709439436823,-0.09169681726386937,119.71068185038651,129.11157918843932,1.578649823911413,data/green_monkey/all_structure_files/chr16/18hrs/untr/structure_18hrs_untr_gene_info.csv
