chromosome,time,condition,centroid_x,centroid_y,centroid_z,lambda1,lambda2,lambda3,elongation,flatness,orientation_x,orientation_y,orientation_z,volume,surface_area,bbox_aspect_ratio,file
chr10,24hrs,vacv,69.39448031043963,-62.68852864041235,50.08283460014203,11.531938046768097,1.4284172323594904,0.8868427517653381,13.003362798887137,1.6106770106832364,0.99667851165774,-0.050149695887744455,0.06416348184192538,169.07566987815986,181.28515103563032,2.6978004752130054,data/green_monkey/all_structure_files/chr10/24hrs/vacv/structure_24hrs_vacv_gene_info.csv
chr10,24hrs,untr,35.40618974016315,-34.587008166284235,19.635728056485487,8.971861219675151,1.48326826821036,0.9972520371574229,8.996583496834594,1.4873554657639834,0.5023432120308695,0.6416480664542875,-0.5796024983917712,186.7195402059622,183.97613873879436,1.0582696073350255,data/green_monkey/all_structure_files/chr10/24hrs/untr/structure_24hrs_untr_gene_info.csv
chr10,12hrs,vacv,39.491246182209885,-1.641931869406452,-15.942289850121123,12.094851354056939,2.2935843773841915,0.9985399272693356,12.112536538355767,2.2969380740301077,0.7467129949913605,-0.4568676594819553,0.4834166368987654,239.71907798575486,222.084134684901,1.3647734302629386,data/green_monkey/all_structure_files/chr10/12hrs/vacv/structure_12hrs_vacv_gene_info.csv
chr10,12hrs,untr,-4.010611529293334,50.300125928035904,-14.073137197313747,9.25957682568227,2.4998744889256583,0.978740976772057,9.460702111625977,2.5541737275273646,0.4481864959502338,0.6680013874492847,0.5940564040675612,214.6611652115663,200.94784599804103,1.1532012390338515,data/green_monkey/all_structure_files/chr10/12hrs/untr/structure_12hrs_untr_gene_info.csv
chr10,18hrs,vacv,-20.91552068022937,-48.466375534035095,44.8296728069875,13.71004861437225,2.712044536747993,1.0258005206507672,13.365219005420862,2.6438322872242974,0.052962541013728534,-0.5580315028080611,0.8281278953900456,257.92673302994245,239.50056568679258,1.929376269135614,data/green_monkey/all_structure_files/chr10/18hrs/vacv/structure_18hrs_vacv_gene_info.csv
chr10,18hrs,untr,-36.10828126670435,-16.836626281521188,-24.358074615587757,11.937194181175549,1.9254225136951046,1.2283396100374675,9.718154558910165,1.5675001424372974,0.13445165281097926,0.6012121519898863,0.7876970873096368,258.46148250457964,228.18160537704435,1.5449227800384029,data/green_monkey/all_structure_files/chr10/18hrs/untr/structure_18hrs_untr_gene_info.csv
