chromosome,time,condition,centroid_x,centroid_y,centroid_z,lambda1,lambda2,lambda3,elongation,flatness,orientation_x,orientation_y,orientation_z,volume,surface_area,bbox_aspect_ratio,file
chr4,24hrs,vacv,14.8129540241581,45.56191513358841,49.333049020100745,4.266966068996176,1.401999049380863,0.7479076166883604,5.705204725537839,1.8745618016149321,0.38313404852660093,-0.18702759391060186,0.9045601030200408,84.4857643244941,104.02797811830463,1.2854539497639803,data/green_monkey/all_structure_files/chr4/24hrs/vacv/structure_24hrs_vacv_gene_info.csv
chr4,24hrs,untr,95.7031197753062,-10.330612173310284,39.34689237542202,3.8570747533518848,1.4608833914338732,0.7831115642193459,4.925319621855994,1.8654856577046877,0.46916454755827486,0.5502372860548697,0.6907413092825789,100.75647516536844,115.81030172392818,1.2526640771081425,data/green_monkey/all_structure_files/chr4/24hrs/untr/structure_24hrs_untr_gene_info.csv
chr4,12hrs,vacv,16.81721337613426,10.408036602637068,8.758342829632264,4.9750989880208385,1.6995291142725861,0.894887478170636,5.559468770522,1.8991539782709108,-0.08383673022517618,0.8291544311662263,0.552697323987156,123.50205513960033,135.33906805592173,1.574997668608211,data/green_monkey/all_structure_files/chr4/12hrs/vacv/structure_12hrs_vacv_gene_info.csv
chr4,12hrs,untr,32.50288679336995,17.134356775973846,52.67068521643681,4.2818010788246355,1.5466443955065787,0.7818809958084241,5.476282326567455,1.9781071592709953,0.9199208773259405,-0.31595056240361163,0.23220857343499182,106.36479242012601,120.57066306835522,1.3709962971396252,data/green_monkey/all_structure_files/chr4/12hrs/untr/structure_12hrs_untr_gene_info.csv
chr4,18hrs,vacv,-50.950782813863555,-50.41228852636098,50.116842217778824,5.5852356444389,1.6635149979121557,0.9392823531969426,5.946279758614633,1.7710489207533964,0.06239551704341558,0.9639123863795408,-0.258804387205827,137.3067581178771,143.96838259626915,1.650763997660725,data/green_monkey/all_structure_files/chr4/18hrs/vacv/structure_18hrs_vacv_gene_info.csv
chr4,18hrs,untr,-20.18527485915523,-26.890530046670044,-23.808027005854072,4.9080605377914335,1.8061918177891503,0.9185735142045216,5.343133088310063,1.966300780349954,0.6685779977105198,0.723182546871086,-0.17323528762478338,132.88581156030398,140.94454698949676,1.1251978818423776,data/green_monkey/all_structure_files/chr4/18hrs/untr/structure_18hrs_untr_gene_info.csv
