chromosome,time,condition,centroid_x,centroid_y,centroid_z,lambda1,lambda2,lambda3,elongation,flatness,orientation_x,orientation_y,orientation_z,volume,surface_area,bbox_aspect_ratio,file
chr15,24hrs,vacv,-20.314469494533217,62.00052761137364,-10.180988873656872,7.895415424525751,1.097469056769546,0.7354996244665777,10.734764725749404,1.4921408798345577,0.1439000020313284,0.41182018014503097,0.8998316112699634,110.34473031346302,130.79763540444716,1.6214381368671145,data/green_monkey/all_structure_files/chr15/24hrs/vacv/structure_24hrs_vacv_gene_info.csv
chr15,24hrs,untr,-30.424815720165455,73.73758851773292,-49.71915081389538,4.905764046999771,1.402427783058737,1.0303833070659834,4.761105904334703,1.361073858088938,0.5459641956995366,0.8260502891850304,-0.13987142936098915,122.10851754108266,131.31859085568522,1.357655042419811,data/green_monkey/all_structure_files/chr15/24hrs/untr/structure_24hrs_untr_gene_info.csv
chr15,12hrs,vacv,40.90259577898135,1.4946962929967464,29.098086107710166,9.236791103472788,1.6760172751743936,1.065921455436718,8.665545717614238,1.5723647053222263,0.5855824038222177,-0.23444770937030224,0.7759687621965278,162.58696813653933,168.3111460185655,1.5244408488006482,data/green_monkey/all_structure_files/chr15/12hrs/vacv/structure_12hrs_vacv_gene_info.csv
chr15,12hrs,untr,49.206170570115624,7.430477021404244,-28.644248769274505,7.329759988618106,1.474206225163451,0.8638381582251126,8.485107909192408,1.706576875687493,0.6674217408931089,0.46753509227004186,0.5796198385832351,128.74901402500873,143.88740764156427,1.1270268817936586,data/green_monkey/all_structure_files/chr15/12hrs/untr/structure_12hrs_untr_gene_info.csv
chr15,18hrs,vacv,30.592386777834776,-36.466444546629475,-33.32282892261281,13.72804474382442,1.3319072805132606,0.9328873211381502,14.715651539862067,1.4277257824538705,-0.5193396880581759,0.816684492876335,0.251620204878226,180.33634459225607,185.20467960782946,1.7436912375974856,data/green_monkey/all_structure_files/chr15/18hrs/vacv/structure_18hrs_vacv_gene_info.csv
chr15,18hrs,untr,35.777052077784894,18.947836124125473,-11.566671853985671,9.426993406253112,1.3354281894957365,0.9419318967826162,10.008147551275378,1.4177545043937856,-0.608378466096657,0.6367570854503043,0.4737257182365266,158.62780247139773,166.21147322625222,1.1385371791543364,data/green_monkey/all_structure_files/chr15/18hrs/untr/structure_18hrs_untr_gene_info.csv
