{
  "conflict": {
    "pos_thr": 39.97339706420898,
    "neg_thr": 21.711478805541994
  }
}