{
  "conflict": {
    "pos_thr": 65.03409767150879,
    "neg_thr": 21.901508331298828
  }
}