chromosome,time,condition,centroid_x,centroid_y,centroid_z,lambda1,lambda2,lambda3,elongation,flatness,orientation_x,orientation_y,orientation_z,volume,surface_area,bbox_aspect_ratio,file
chr26,24hrs,vacv,-21.404542408911844,-28.048661516230247,-25.67814115880015,2.703642683857426,1.615647642300587,0.9137668981843535,2.958788164935214,1.7681179363258444,0.4710611259183993,0.8682673899837762,0.1556057683354019,85.46057404271876,100.50846361000936,1.2601324432875163,data/green_monkey/all_structure_files/chr26/24hrs/vacv/structure_24hrs_vacv_gene_info.csv
chr26,24hrs,untr,-2.309176795424673,20.091348593129972,47.64934340507931,2.9219677297021867,1.6995272829152817,0.8382352357229952,3.4858564817809516,2.0275063734935985,0.7642769699446499,-0.6426201580100311,0.05403744749141101,88.89314202886982,103.75801954559533,1.4828871291595842,data/green_monkey/all_structure_files/chr26/24hrs/untr/structure_24hrs_untr_gene_info.csv
chr26,12hrs,vacv,78.20108925375628,31.533121455120458,12.487990050746653,3.1038917124341334,1.993558843240828,1.1654617252293933,2.6632292122876935,1.7105313714600483,-0.5477079838395947,0.675697052941997,0.4934059759304364,114.2707908025893,121.4999832093324,1.081367724504384,data/green_monkey/all_structure_files/chr26/12hrs/vacv/structure_12hrs_vacv_gene_info.csv
chr26,12hrs,untr,7.912186801191534,12.753961221088712,-44.49367331296811,3.192197516660454,1.63842176495172,0.9231419558399219,3.4579703549017324,1.7748318712922109,0.15273000505685164,0.9611686255627453,-0.22984433599537996,92.29581692259238,107.47693787694539,1.4136037318449346,data/green_monkey/all_structure_files/chr26/12hrs/untr/structure_12hrs_untr_gene_info.csv
chr26,18hrs,vacv,-14.05593910083144,85.79427319815787,-32.33189588257893,3.2779703133826876,2.060372526897972,1.1208623440603904,2.924507483682649,1.838203003086133,0.8342137625997349,0.5426486100163018,0.09808100905154363,109.72986154135425,120.19975921683675,1.14879995912803,data/green_monkey/all_structure_files/chr26/18hrs/vacv/structure_18hrs_vacv_gene_info.csv
chr26,18hrs,untr,-3.0940481772580517,13.186430306016272,-15.7318299185789,3.396173788724835,2.20216265240255,0.9477414708316599,3.583439042447549,2.3235900508501683,0.6515646837827666,-0.5010924453804683,-0.5695347434789961,112.95763766685356,121.6019610463226,1.189715472767129,data/green_monkey/all_structure_files/chr26/18hrs/untr/structure_18hrs_untr_gene_info.csv
