chromosome,time,condition,centroid_x,centroid_y,centroid_z,lambda1,lambda2,lambda3,elongation,flatness,orientation_x,orientation_y,orientation_z,volume,surface_area,bbox_aspect_ratio,file
chr6,24hrs,vacv,11.618146762631183,23.856910644994812,-44.77853942802408,2.905300271320788,1.7164761789891183,0.8272212615955212,3.5121199202703353,2.074990403025216,0.7999430136561843,0.583319000002502,-0.1408194558246234,98.8623499137042,112.07539421443765,1.1451259057833434,data/green_monkey/all_structure_files/chr6/24hrs/vacv/structure_24hrs_vacv_gene_info.csv
chr6,24hrs,untr,-45.798601287043354,-12.853341401124643,27.365538718183362,2.377435819296454,1.1438425654779445,0.8567608567686534,2.774911809420374,1.3350779933995167,0.5139874275627777,0.6108426602441928,0.6022359742934624,80.67977831982846,98.50126741620468,1.283999946610525,data/green_monkey/all_structure_files/chr6/24hrs/untr/structure_24hrs_untr_gene_info.csv
chr6,12hrs,vacv,-28.379768856554552,15.024930699803086,-3.824682501242475,3.150435856250233,1.8884998729096838,0.9224365245731276,3.415341622241322,2.047295204169867,0.993964777456309,0.10462917887118618,0.03296598405890493,116.35741081628453,124.8666420461015,1.368830867317658,data/green_monkey/all_structure_files/chr6/12hrs/vacv/structure_12hrs_vacv_gene_info.csv
chr6,12hrs,untr,-15.470611588461272,-3.2836798244940613,23.66424749519243,2.402324960432336,1.4422249613611455,0.8255441347488152,2.9099897380571678,1.7469992222765476,0.2956162977265472,0.9110904275864622,0.2872720614309133,89.37769441285683,104.78496328716126,1.2263308722556603,data/green_monkey/all_structure_files/chr6/12hrs/untr/structure_12hrs_untr_gene_info.csv
chr6,18hrs,vacv,22.548937129233796,-19.018726634182702,-44.33465776186089,3.628372250119919,1.8009626114216088,1.308241893500085,2.773471991798498,1.3766281452761715,0.8189946887404438,-0.037063135993688046,-0.572602849945105,135.11954117961,138.3482127903675,1.3583706510785933,data/green_monkey/all_structure_files/chr6/18hrs/vacv/structure_18hrs_vacv_gene_info.csv
chr6,18hrs,untr,-20.607295556975668,59.13247190113162,20.525034475347862,2.8257538478018214,1.5121955277712253,0.9284426583460336,3.0435415934417933,1.6287441277904158,0.2503027140421188,0.949581144923089,0.18879671752894553,98.93420396527813,113.41599138206323,1.2506790399158176,data/green_monkey/all_structure_files/chr6/18hrs/untr/structure_18hrs_untr_gene_info.csv
