chromosome,time,condition,centroid_x,centroid_y,centroid_z,lambda1,lambda2,lambda3,elongation,flatness,orientation_x,orientation_y,orientation_z,volume,surface_area,bbox_aspect_ratio,file
chr21,24hrs,vacv,2.6995541971361723,6.041879158107805,68.48851015738123,12.972836908642215,0.7751438613885586,0.6550718322596512,19.803686053623757,1.18329597338161,-0.00563075073957203,-0.487168167238227,0.873290027124927,111.0274422509835,141.3348028130468,3.0415970848024463,data/green_monkey/all_structure_files/chr21/24hrs/vacv/structure_24hrs_vacv_gene_info.csv
chr21,24hrs,untr,88.0079403692857,15.145640901392833,1.3903939702483652,8.527600476771266,1.4019829548436236,0.9999542755972292,8.527990414039783,1.402047062608218,-0.0005300408693076961,0.5679459026825301,0.8230657146806709,154.9717112886096,158.8297722936973,1.7724905433520093,data/green_monkey/all_structure_files/chr21/24hrs/untr/structure_24hrs_untr_gene_info.csv
chr21,12hrs,vacv,-50.65534048441025,-80.21780490281417,40.29423991806872,14.437387459722954,1.1049417578807932,0.8805917911663254,16.395096575452897,1.2547718125072698,-0.31098088787822953,-0.56466802625057,0.7644873494733277,182.87210514097353,186.09576335361913,1.8261430223852584,data/green_monkey/all_structure_files/chr21/12hrs/vacv/structure_12hrs_vacv_gene_info.csv
chr21,12hrs,untr,-9.62504645462807,-70.13069215774213,26.308101240136065,13.804284559007161,0.9718875604157695,0.67324604573726,20.504070757504902,1.4435845060946069,-0.3115588359347148,0.8313470853911641,-0.46020986013189874,143.23144905067036,162.93538968322855,1.8434558805155816,data/green_monkey/all_structure_files/chr21/12hrs/untr/structure_12hrs_untr_gene_info.csv
chr21,18hrs,vacv,26.644314538586656,-12.970360631259236,-96.14383636120263,10.822934244885275,1.8442717760975018,0.9844503097424097,10.993885763230846,1.87340260635407,0.7232437643227696,0.6569836870352102,-0.21281656969759422,193.84562175545852,187.48480792263402,1.4985247921162088,data/green_monkey/all_structure_files/chr21/18hrs/vacv/structure_18hrs_vacv_gene_info.csv
chr21,18hrs,untr,-18.635424803321147,-14.119933499777755,-67.91054178611272,15.531361448558545,1.1474522096761088,0.7508704613885828,20.68447521538727,1.5281626707676426,0.3231771563961342,0.8105667610524449,0.488403574373343,179.99563065722992,190.21928832020814,1.7479179925170605,data/green_monkey/all_structure_files/chr21/18hrs/untr/structure_18hrs_untr_gene_info.csv
